{"cameraMode":{"drawMode":0,"name":"Shaded","section":"Shading Mode"},"sceneLighting":true,"audioPlay":false,"sceneViewState":{"m_AlwaysRefresh":true,"showFog":true,"showSkybox":true,"showFlares":true,"showImageEffects":true,"showParticleSystems":true,"showVisualEffectGraphs":true,"m_FxEnabled":true},"in2DMode":false,"pivot":{"x":-0.9477616548538208,"y":1.7619855403900147,"z":-0.5862751007080078},"rotation":{"x":-0.15792517364025117,"y":0.6851130723953247,"z":-0.15594744682312013,"w":-0.6938015222549439},"size":1.4809730052947999,"orthographic":false}